{
  "beforeAll": [],
  "afterAll": [
    "ALTER TABLE observation DROP CONSTRAINT \"observation_unik_datastream_result\"",
    "ALTER  TABLE observation DROP CONSTRAINT \"observation_unik_multidatastream_result\"",
    "DELETE FROM observation WHERE id NOT IN ( SELECT id FROM ( SELECT DISTINCT ON (\"phenomenonTime\" , \"resultTime\", \"datastream_id\" , \"featureofinterest_id\") * FROM observation));",
    "DELETE FROM observation WHERE id NOT IN ( SELECT id FROM ( SELECT DISTINCT ON (\"phenomenonTime\" , \"resultTime\", \"multidatastream_id\" , \"featureofinterest_id\") * FROM observation));",
    "ALTER  TABLE observation ADD CONSTRAINT  \"observation_unik_datastream\" UNIQUE (\"phenomenonTime\", \"resultTime\", \"datastream_id\", \"featureofinterest_id\")",
    "ALTER  TABLE observation ADD CONSTRAINT  \"observation_unik_multidatastream\" UNIQUE (\"phenomenonTime\", \"resultTime\", \"multidatastream_id\", \"featureofinterest_id\")"
  ],
  "decoders": {
    "rhf1s001": "function decode(bytes) {\t\"use strict\";\tfunction Decoder(input) { const decoded = { valid: true, err: 0, payload: input, messages: [] }; const temp = input.match(/.{1,2}/g); if (temp !== null) { if (temp[0] === \"01\" || temp[0] == \"81\") { decoded.messages.push({ type: \"report_telemetry\", measurementName: nomenclature[\"0610\"], measurementValue: (parseInt(String(temp[2]) + String(temp[1]), 16) * 175.72) / 65536 - 46.85 }); decoded.messages.push({ type: \"report_telemetry\", measurementName: nomenclature[\"0710\"], measurementValue: (parseInt(temp[3], 16) * 125) / 256 - 6 }); decoded.messages.push({ type: \"upload_battery\", measurementName: nomenclature[\"period\"], measurementValue: parseInt(String(temp[5]) + String(temp[4]), 16) * 2 }); decoded.messages.push({ type: \"upload_battery\", measurementName: nomenclature[\"voltage\"], measurementValue: (parseInt(temp[8], 16) + 150) * 0.01 }); decoded.datas = {}; decoded.messages.map(e => decoded.datas[e.measurementName] = e.measurementValue); return decoded; } } decoded[\"valid\"] = false; decoded[\"err\"] = -1; return decoded;\t}\treturn Decoder(bytes); }; return decode(input, nomenclature);",
    "senscap": "function decode(bytes, nomenclature) { \"use strict\"; if (typeof bytes === \"string\") { for (var e = [], t = 0; t < bytes.length; t += 2) e.push(bytes.substring(t, t + 2)); bytes = e; } function isSpecialDataId (dataID) { switch (dataID) { case 0: case 1: case 2: case 3: case 4: case 7: case 9: case 0x120:  return true; default:  return false; } } function Decoder (bytes) {  var bytesString = bytes.map(v => v.toString(16).padStart(2, \"0\")).join(\"\");  var sensorEuiLowBytes; var sensorEuiHighBytes; var decoded = {   valid: true,  err: 0,   payload: bytesString,   messages: [],  datas: {} };  if (!crc16Check(bytesString)) {  decoded[\"valid\"] = false;  decoded[\"err\"] = -1;  return decoded; }  if ((((bytesString.length / 2) - 2) % 7) !== 0) {  decoded[\"valid\"] = false;  decoded[\"err\"] = -2;  return decoded; }  var frameArray = divideBy7Bytes(bytesString); for (var forFrame = 0; forFrame < frameArray.length; forFrame++) {  var frame = frameArray[forFrame];   var dataID = strTo10SysNub(frame.substring(2, 6));  var dataValue = frame.substring(6, 14);  var realDataValue = ttnDataFormat(dataValue);  switch (realDataValue) {  case 2000001:  decoded[\"valid\"] = false;  decoded[\"err\"] = 2000001;  decoded[\"messages\"] = [\"SENSOR_NOT_RESPONSE\"];  return decoded;  case 2000001:  decoded[\"valid\"] = false;  decoded[\"err\"] = 2000002;  decoded[\"messages\"] = [\"SENSOR_DATA_HEAD_ERROR\"];  return decoded;  case 2000001:  decoded[\"valid\"] = false;  decoded[\"err\"] = 2000003;  decoded[\"messages\"] = [\"SENSOR_ARG_INVAILD\"];  return decoded;  case 2000001:  decoded[\"valid\"] = false;  decoded[\"err\"] = 2000257;  decoded[\"messages\"] = [\"SENSOR_DATA_ERROR_UNKONW\"];  return decoded;  }  if (parseInt(dataID) > 4096) {    decoded.messages.push({  type: \"report_telemetry\",  measurementId: dataID,  measurementValue: realDataValue  });  decoded.datas[nomenclature[dataID]] = realDataValue;  } else if (isSpecialDataId(dataID) || (dataID === 5) || (dataID === 6)) {    switch (dataID) {  case 0x00:     var versionData = sensorAttrForVersion(realDataValue);   decoded.messages.push({   type: \"upload_version\",   hardwareVersion: versionData.ver_hardware,   softwareVersion: versionData.ver_software   });   break;  case 1:     break;  case 2:     sensorEuiLowBytes = realDataValue;   break;  case 3:     sensorEuiHighBytes = realDataValue;   break;  case 7:     decoded.messages.push({   type: \"upload_battery\",   battery: realDataValue.power   }, {   type: \"upload_interval\",   interval: parseInt(realDataValue.interval) * 60   });   break;  case 0x120:     decoded.messages.push({   type: \"report_remove_sensor\",   channel: 1   });   break;  default:   break;  }  } else {  decoded.messages.push({  type: \"unknown_message\",  dataID: dataID,  dataValue: dataValue  });  } }  if (sensorEuiHighBytes && sensorEuiLowBytes) {  decoded.messages.unshift({  type: \"upload_sensor_id\",  channel: 1,  sensorId: (sensorEuiHighBytes + sensorEuiLowBytes).toUpperCase()  }); }  return decoded; } function crc16Check (data) { var crc16tab = [  0x0000, 0x1189, 0x2312, 0x329b, 0x4624, 0x57ad, 0x6536, 0x74bf,  0x8c48, 0x9dc1, 0xaf5a, 0xbed3, 0xca6c, 0xdbe5, 0xe97e, 0xf8f7,  0x1081, 0x0108, 0x3393, 0x221a, 0x56a5, 0x472c, 0x75b7, 0x643e,  0x9cc9, 0x8d40, 0xbfdb, 0xae52, 0xdaed, 0xcb64, 0xf9ff, 0xe876,  0x2102, 0x308b, 0x0210, 0x1399, 0x6726, 0x76af, 0x4434, 0x55bd,  0xad4a, 0xbcc3, 0x8e58, 0x9fd1, 0xeb6e, 0xfae7, 0xc87c, 0xd9f5,  0x3183, 0x200a, 0x1291, 0x0318, 0x77a7, 0x662e, 0x54b5, 0x453c,  0xbdcb, 0xac42, 0x9ed9, 0x8f50, 0xfbef, 0xea66, 0xd8fd, 0xc974,  0x4204, 0x538d, 0x6116, 0x709f, 0x0420, 0x15a9, 0x2732, 0x36bb,  0xce4c, 0xdfc5, 0xed5e, 0xfcd7, 0x8868, 0x99e1, 0xab7a, 0xbaf3,  0x5285, 0x430c, 0x7197, 0x601e, 0x14a1, 0x0528, 0x37b3, 0x263a,  0xdecd, 0xcf44, 0xfddf, 0xec56, 0x98e9, 0x8960, 0xbbfb, 0xaa72,  0x6306, 0x728f, 0x4014, 0x519d, 0x2522, 0x34ab, 0x0630, 0x17b9,  0xef4e, 0xfec7, 0xcc5c, 0xddd5, 0xa96a, 0xb8e3, 0x8a78, 0x9bf1,  0x7387, 0x620e, 0x5095, 0x411c, 0x35a3, 0x242a, 0x16b1, 0x0738,  0xffcf, 0xee46, 0xdcdd, 0xcd54, 0xb9eb, 0xa862, 0x9af9, 0x8b70,  0x8408, 0x9581, 0xa71a, 0xb693, 0xc22c, 0xd3a5, 0xe13e, 0xf0b7,  0x0840, 0x19c9, 0x2b52, 0x3adb, 0x4e64, 0x5fed, 0x6d76, 0x7cff,  0x9489, 0x8500, 0xb79b, 0xa612, 0xd2ad, 0xc324, 0xf1bf, 0xe036,  0x18c1, 0x0948, 0x3bd3, 0x2a5a, 0x5ee5, 0x4f6c, 0x7df7, 0x6c7e,  0xa50a, 0xb483, 0x8618, 0x9791, 0xe32e, 0xf2a7, 0xc03c, 0xd1b5,  0x2942, 0x38cb, 0x0a50, 0x1bd9, 0x6f66, 0x7eef, 0x4c74, 0x5dfd,  0xb58b, 0xa402, 0x9699, 0x8710, 0xf3af, 0xe226, 0xd0bd, 0xc134,  0x39c3, 0x284a, 0x1ad1, 0x0b58, 0x7fe7, 0x6e6e, 0x5cf5, 0x4d7c,  0xc60c, 0xd785, 0xe51e, 0xf497, 0x8028, 0x91a1, 0xa33a, 0xb2b3,  0x4a44, 0x5bcd, 0x6956, 0x78df, 0x0c60, 0x1de9, 0x2f72, 0x3efb,  0xd68d, 0xc704, 0xf59f, 0xe416, 0x90a9, 0x8120, 0xb3bb, 0xa232,  0x5ac5, 0x4b4c, 0x79d7, 0x685e, 0x1ce1, 0x0d68, 0x3ff3, 0x2e7a,  0xe70e, 0xf687, 0xc41c, 0xd595, 0xa12a, 0xb0a3, 0x8238, 0x93b1,  0x6b46, 0x7acf, 0x4854, 0x59dd, 0x2d62, 0x3ceb, 0x0e70, 0x1ff9,  0xf78f, 0xe606, 0xd49d, 0xc514, 0xb1ab, 0xa022, 0x92b9, 0x8330,  0x7bc7, 0x6a4e, 0x58d5, 0x495c, 0x3de3, 0x2c6a, 0x1ef1, 0x0f78 ]; var result = false; var crc = 0; var dataArray = []; for (var i = 0; i < data.length; i += 2) {  dataArray.push(data.substring(i, i + 2)); } for (var j = 0; j < dataArray.length; j++) {  var item = dataArray[j];  crc = (crc >> 8) ^ crc16tab[(crc ^ parseInt(item, 16)) & 0xFF]; } if (crc === 0) {  result = true; } return result; } function divideBy7Bytes (str) { var frameArray = []; for (var i = 0; i < str.length - 4; i += 14) {  var data = str.substring(i, i + 14);  frameArray.push(data); } return frameArray; } function littleEndianTransform (data) { var dataArray = []; for (var i = 0; i < data.length; i += 2) {  dataArray.push(data.substring(i, i + 2)); } dataArray.reverse(); return dataArray; } function strTo10SysNub (str) { var arr = littleEndianTransform(str); return parseInt(arr.toString(\"utf8\")  .replace(/,/g, \"\"), 16); } function ttnDataFormat (str) { var strReverse = littleEndianTransform(str); var str2 = toBinary(strReverse); if (str2.substring(0, 1) === \"1\") {  var arr = str2.split(\"\");  var reverseArr = [];  for (var forArr = 0; forArr < arr.length; forArr++) {  var item = arr[forArr];  if (parseInt(item) === 1) {  reverseArr.push(0);  } else {  reverseArr.push(1);  }  }  str2 = parseInt(reverseArr.join(\"\"), 2) + 1;  return parseFloat(\"-\" + str2 / 1000); } return parseInt(str2, 2) / 1000; } function sensorAttrForVersion (dataValue) { var dataValueSplitArray = dataValue.split(\",\"); return {  ver_hardware: dataValueSplitArray[0],  ver_software: dataValueSplitArray[1] }; } function toBinary (arr) { return arr.map(hex => (\"0\".repeat(8) + (parseInt(hex, 16)).toString(2)).substr(-8)).join(\"\"); } return Decoder(bytes);}; return decode(input, nomenclature);",
    "wattEco": "function decode (bytes) { if (typeof bytes === \"string\") bytes = Buffer.from(bytes,\"hex\");\tvar decoded = { valid: false, payload: \"\", messages: []\t}; function Bytes2Float32(bytes) { var sign = (bytes & 0x80000000) ? -1 : 1; var exponent = ((bytes >> 23) & 0xFF) - 127; var significand = (bytes & ~(-1 << 23));  if (exponent == 128)  return sign * ((significand) ? Number.NaN : Number.POSITIVE_INFINITY);  if (exponent == -127) {  if (significand == 0) return sign * 0.0;  exponent = -126;  significand /= (1 << 22); } else significand = (significand | (1 << 23)) / (1 << 23);  return sign * significand * Math.pow(2, exponent); }\tvar bytes_len_\t= bytes.length;\tvar temp_hex_str = \"\";\tfor( var j = 0; j < bytes_len_; j++ )\t{ temp_hex_str = bytes[j].toString( 16 ).toUpperCase( ); if( temp_hex_str.length == 1 ) { temp_hex_str = \"0\" + temp_hex_str; } decoded.payload += temp_hex_str; var date = new Date(); decoded.date = date.toISOString();\t} if (!(bytes[0] & 0x01) === false) { attributID = -1; cmdID = -1; clusterdID = -1; cmdID = bytes[1]; clusterdID = bytes[2]*256 + bytes[3]; if((cmdID === 0x0a)|(cmdID === 0x8a)|(cmdID === 0x01)){ attributID = bytes[4]*256 + bytes[5]; if ((cmdID === 0x0a) | (cmdID === 0x8a))\tindex = 7; if (cmdID === 0x01)\tindex = 8; if ((clusterdID === 0x000c ) & (attributID === 0x0055)) { const decodedValue = Bytes2Float32(bytes[index]*256*256*256+bytes[index+1]*256*256+bytes[index+2]*256+bytes[index+3]); decoded.messages.push({ type : \"analog\", measurementName: \"analog\", measurementValue: decodedValue }); decoded.datas = decodedValue; } }\t}\tdecoded.valid=true;\treturn decoded;}; return decode(input, nomenclature);"
  },
  "decoders2": {
    "rhf1s001": "function decode(bytes) {\t\"use strict\";\tfunction Decoder(input) { const decoded = { valid: true, err: 0, payload: input, messages: [] }; const temp = input.match(/.{1,2}/g); if (temp !== null) { if (temp[0] === \"01\" || temp[0] == \"81\") { decoded.messages.push({ type: \"report_telemetry\", measurementName: nomenclature[\"0610\"], measurementValue: (parseInt(String(temp[2]) + String(temp[1]), 16) * 175.72) / 65536 - 46.85 }); decoded.messages.push({ type: \"report_telemetry\", measurementName: nomenclature[\"0710\"], measurementValue: (parseInt(temp[3], 16) * 125) / 256 - 6 }); decoded.messages.push({ type: \"upload_battery\", measurementName: nomenclature[\"period\"], measurementValue: parseInt(String(temp[5]) + String(temp[4]), 16) * 2 }); decoded.messages.push({ type: \"upload_battery\", measurementName: nomenclature[\"voltage\"], measurementValue: (parseInt(temp[8], 16) + 150) * 0.01 }); decoded.datas = {}; decoded.messages.map(e => decoded.datas[e.measurementName] = e.measurementValue); return decoded; } } decoded[\"valid\"] = false; decoded[\"err\"] = -1; return decoded;\t}\treturn Decoder(bytes); }; return decode(input, nomenclature);",
    "senscap": "function decode(bytes, nomenclature) { \"use strict\"; if (typeof bytes === \"string\") { for (var e = [], t = 0; t < bytes.length; t += 2) e.push(bytes.substring(t, t + 2)); bytes = e; } function isSpecialDataId (dataID) { switch (dataID) { case 0: case 1: case 2: case 3: case 4: case 7: case 9: case 0x120:  return true; default:  return false; } } function Decoder (bytes) {  var bytesString = bytes.map(v => v.toString(16).padStart(2, \"0\")).join(\"\");  var sensorEuiLowBytes; var sensorEuiHighBytes; var decoded = {   valid: true,  err: 0,   payload: bytesString,   messages: [],  datas: {} };  if (!crc16Check(bytesString)) {  decoded[\"valid\"] = false;  decoded[\"err\"] = -1;  return decoded; }  if ((((bytesString.length / 2) - 2) % 7) !== 0) {  decoded[\"valid\"] = false;  decoded[\"err\"] = -2;  return decoded; }  var frameArray = divideBy7Bytes(bytesString); for (var forFrame = 0; forFrame < frameArray.length; forFrame++) {  var frame = frameArray[forFrame];   var dataID = strTo10SysNub(frame.substring(2, 6));  var dataValue = frame.substring(6, 14);  var realDataValue = ttnDataFormat(dataValue);  switch (realDataValue) {  case 2000001:  decoded[\"valid\"] = false;  decoded[\"err\"] = 2000001;  decoded[\"messages\"] = [\"SENSOR_NOT_RESPONSE\"];  return decoded;  case 2000001:  decoded[\"valid\"] = false;  decoded[\"err\"] = 2000002;  decoded[\"messages\"] = [\"SENSOR_DATA_HEAD_ERROR\"];  return decoded;  case 2000001:  decoded[\"valid\"] = false;  decoded[\"err\"] = 2000003;  decoded[\"messages\"] = [\"SENSOR_ARG_INVAILD\"];  return decoded;  case 2000001:  decoded[\"valid\"] = false;  decoded[\"err\"] = 2000257;  decoded[\"messages\"] = [\"SENSOR_DATA_ERROR_UNKONW\"];  return decoded;  }  if (parseInt(dataID) > 4096) {    decoded.messages.push({  type: \"report_telemetry\",  measurementId: dataID,  measurementValue: realDataValue  });  decoded.datas[nomenclature[dataID]] = realDataValue;  } else if (isSpecialDataId(dataID) || (dataID === 5) || (dataID === 6)) {    switch (dataID) {  case 0x00:     var versionData = sensorAttrForVersion(realDataValue);   decoded.messages.push({   type: \"upload_version\",   hardwareVersion: versionData.ver_hardware,   softwareVersion: versionData.ver_software   });   break;  case 1:     break;  case 2:     sensorEuiLowBytes = realDataValue;   break;  case 3:     sensorEuiHighBytes = realDataValue;   break;  case 7:     decoded.messages.push({   type: \"upload_battery\",   battery: realDataValue.power   }, {   type: \"upload_interval\",   interval: parseInt(realDataValue.interval) * 60   });   break;  case 0x120:     decoded.messages.push({   type: \"report_remove_sensor\",   channel: 1   });   break;  default:   break;  }  } else {  decoded.messages.push({  type: \"unknown_message\",  dataID: dataID,  dataValue: dataValue  });  } }  if (sensorEuiHighBytes && sensorEuiLowBytes) {  decoded.messages.unshift({  type: \"upload_sensor_id\",  channel: 1,  sensorId: (sensorEuiHighBytes + sensorEuiLowBytes).toUpperCase()  }); }  return decoded; } function crc16Check (data) { var crc16tab = [  0x0000, 0x1189, 0x2312, 0x329b, 0x4624, 0x57ad, 0x6536, 0x74bf,  0x8c48, 0x9dc1, 0xaf5a, 0xbed3, 0xca6c, 0xdbe5, 0xe97e, 0xf8f7,  0x1081, 0x0108, 0x3393, 0x221a, 0x56a5, 0x472c, 0x75b7, 0x643e,  0x9cc9, 0x8d40, 0xbfdb, 0xae52, 0xdaed, 0xcb64, 0xf9ff, 0xe876,  0x2102, 0x308b, 0x0210, 0x1399, 0x6726, 0x76af, 0x4434, 0x55bd,  0xad4a, 0xbcc3, 0x8e58, 0x9fd1, 0xeb6e, 0xfae7, 0xc87c, 0xd9f5,  0x3183, 0x200a, 0x1291, 0x0318, 0x77a7, 0x662e, 0x54b5, 0x453c,  0xbdcb, 0xac42, 0x9ed9, 0x8f50, 0xfbef, 0xea66, 0xd8fd, 0xc974,  0x4204, 0x538d, 0x6116, 0x709f, 0x0420, 0x15a9, 0x2732, 0x36bb,  0xce4c, 0xdfc5, 0xed5e, 0xfcd7, 0x8868, 0x99e1, 0xab7a, 0xbaf3,  0x5285, 0x430c, 0x7197, 0x601e, 0x14a1, 0x0528, 0x37b3, 0x263a,  0xdecd, 0xcf44, 0xfddf, 0xec56, 0x98e9, 0x8960, 0xbbfb, 0xaa72,  0x6306, 0x728f, 0x4014, 0x519d, 0x2522, 0x34ab, 0x0630, 0x17b9,  0xef4e, 0xfec7, 0xcc5c, 0xddd5, 0xa96a, 0xb8e3, 0x8a78, 0x9bf1,  0x7387, 0x620e, 0x5095, 0x411c, 0x35a3, 0x242a, 0x16b1, 0x0738,  0xffcf, 0xee46, 0xdcdd, 0xcd54, 0xb9eb, 0xa862, 0x9af9, 0x8b70,  0x8408, 0x9581, 0xa71a, 0xb693, 0xc22c, 0xd3a5, 0xe13e, 0xf0b7,  0x0840, 0x19c9, 0x2b52, 0x3adb, 0x4e64, 0x5fed, 0x6d76, 0x7cff,  0x9489, 0x8500, 0xb79b, 0xa612, 0xd2ad, 0xc324, 0xf1bf, 0xe036,  0x18c1, 0x0948, 0x3bd3, 0x2a5a, 0x5ee5, 0x4f6c, 0x7df7, 0x6c7e,  0xa50a, 0xb483, 0x8618, 0x9791, 0xe32e, 0xf2a7, 0xc03c, 0xd1b5,  0x2942, 0x38cb, 0x0a50, 0x1bd9, 0x6f66, 0x7eef, 0x4c74, 0x5dfd,  0xb58b, 0xa402, 0x9699, 0x8710, 0xf3af, 0xe226, 0xd0bd, 0xc134,  0x39c3, 0x284a, 0x1ad1, 0x0b58, 0x7fe7, 0x6e6e, 0x5cf5, 0x4d7c,  0xc60c, 0xd785, 0xe51e, 0xf497, 0x8028, 0x91a1, 0xa33a, 0xb2b3,  0x4a44, 0x5bcd, 0x6956, 0x78df, 0x0c60, 0x1de9, 0x2f72, 0x3efb,  0xd68d, 0xc704, 0xf59f, 0xe416, 0x90a9, 0x8120, 0xb3bb, 0xa232,  0x5ac5, 0x4b4c, 0x79d7, 0x685e, 0x1ce1, 0x0d68, 0x3ff3, 0x2e7a,  0xe70e, 0xf687, 0xc41c, 0xd595, 0xa12a, 0xb0a3, 0x8238, 0x93b1,  0x6b46, 0x7acf, 0x4854, 0x59dd, 0x2d62, 0x3ceb, 0x0e70, 0x1ff9,  0xf78f, 0xe606, 0xd49d, 0xc514, 0xb1ab, 0xa022, 0x92b9, 0x8330,  0x7bc7, 0x6a4e, 0x58d5, 0x495c, 0x3de3, 0x2c6a, 0x1ef1, 0x0f78 ]; var result = false; var crc = 0; var dataArray = []; for (var i = 0; i < data.length; i += 2) {  dataArray.push(data.substring(i, i + 2)); } for (var j = 0; j < dataArray.length; j++) {  var item = dataArray[j];  crc = (crc >> 8) ^ crc16tab[(crc ^ parseInt(item, 16)) & 0xFF]; } if (crc === 0) {  result = true; } return result; } function divideBy7Bytes (str) { var frameArray = []; for (var i = 0; i < str.length - 4; i += 14) {  var data = str.substring(i, i + 14);  frameArray.push(data); } return frameArray; } function littleEndianTransform (data) { var dataArray = []; for (var i = 0; i < data.length; i += 2) {  dataArray.push(data.substring(i, i + 2)); } dataArray.reverse(); return dataArray; } function strTo10SysNub (str) { var arr = littleEndianTransform(str); return parseInt(arr.toString(\"utf8\")  .replace(/,/g, \"\"), 16); } function ttnDataFormat (str) { var strReverse = littleEndianTransform(str); var str2 = toBinary(strReverse); if (str2.substring(0, 1) === \"1\") {  var arr = str2.split(\"\");  var reverseArr = [];  for (var forArr = 0; forArr < arr.length; forArr++) {  var item = arr[forArr];  if (parseInt(item) === 1) {  reverseArr.push(0);  } else {  reverseArr.push(1);  }  }  str2 = parseInt(reverseArr.join(\"\"), 2) + 1;  return parseFloat(\"-\" + str2 / 1000); } return parseInt(str2, 2) / 1000; } function sensorAttrForVersion (dataValue) { var dataValueSplitArray = dataValue.split(\",\"); return {  ver_hardware: dataValueSplitArray[0],  ver_software: dataValueSplitArray[1] }; } function toBinary (arr) { return arr.map(hex => (\"0\".repeat(8) + (parseInt(hex, 16)).toString(2)).substr(-8)).join(\"\"); } return Decoder(bytes);}; return decode(input, nomenclature);",
    "wattEco": "function decode (bytes) { if (typeof bytes === \"string\") bytes = Buffer.from(bytes,\"hex\");\tvar decoded = { valid: false, payload: \"\", messages: []\t}; function Bytes2Float32(bytes) { var sign = (bytes & 0x80000000) ? -1 : 1; var exponent = ((bytes >> 23) & 0xFF) - 127; var significand = (bytes & ~(-1 << 23));  if (exponent == 128)  return sign * ((significand) ? Number.NaN : Number.POSITIVE_INFINITY);  if (exponent == -127) {  if (significand == 0) return sign * 0.0;  exponent = -126;  significand /= (1 << 22); } else significand = (significand | (1 << 23)) / (1 << 23);  return sign * significand * Math.pow(2, exponent); }\tvar bytes_len_\t= bytes.length;\tvar temp_hex_str = \"\";\tfor( var j = 0; j < bytes_len_; j++ )\t{ temp_hex_str = bytes[j].toString( 16 ).toUpperCase( ); if( temp_hex_str.length == 1 ) { temp_hex_str = \"0\" + temp_hex_str; } decoded.payload += temp_hex_str; var date = new Date(); decoded.date = date.toISOString();\t} if (!(bytes[0] & 0x01) === false) { attributID = -1; cmdID = -1; clusterdID = -1; cmdID = bytes[1]; clusterdID = bytes[2]*256 + bytes[3]; if((cmdID === 0x0a)|(cmdID === 0x8a)|(cmdID === 0x01)){ attributID = bytes[4]*256 + bytes[5]; if ((cmdID === 0x0a) | (cmdID === 0x8a))\tindex = 7; if (cmdID === 0x01)\tindex = 8; if ((clusterdID === 0x000c ) & (attributID === 0x0055)) { const decodedValue = Bytes2Float32(bytes[index]*256*256*256+bytes[index+1]*256*256+bytes[index+2]*256+bytes[index+3]); decoded.messages.push({ type : \"analog\", measurementName: \"analog\", measurementValue: decodedValue }); decoded.datas = decodedValue; } }\t}\tdecoded.valid=true;\treturn decoded;}; return decode(input, nomenclature);"
  },
  "triggers": false
}