{
    "1.1": {
        "root": "https://docs.ogc.org/is/18-088/18-088.html",
        "batch-request-batch-request": "http://www.opengis.net/spec/iot_sensing/1.1/req/batch-request/batch-request",
        "create-observations-via-mqtt-observations-creation": "http://www.opengis.net/spec/iot_sensing/1.1/req/create-observations-via-mqtt/observations-creation",
        "create-update-delete-create-entity": "http://www.opengis.net/spec/iot_sensing/1.1/req/create-update-delete/create-entity",
        "create-update-delete-deep-insert": "http://www.opengis.net/spec/iot_sensing/1.1/req/create-update-delete/deep-insert",
        "create-update-delete-deep-insert-status-code": "http://www.opengis.net/spec/iot_sensing/1.1/req/create-update-delete/deep-insert-status-code",
        "create-update-delete-delete-entity": "http://www.opengis.net/spec/iot_sensing/1.1/req/create-update-delete/delete-entity",
        "create-update-delete-historical-location-auto-creation": "http://www.opengis.net/spec/iot_sensing/1.1/req/create-update-delete/historical-location-auto-creation",
        "create-update-delete-historical-location-manual-creation": "http://www.opengis.net/spec/iot_sensing/1.1/req/create-update-delete/historical-location-manual-creation",
        "create-update-delete-link-to-existing-entities": "http://www.opengis.net/spec/iot_sensing/1.1/req/create-update-delete/link-to-existing-entities",
        "create-update-delete-update-entity": "http://www.opengis.net/spec/iot_sensing/1.1/req/create-update-delete/update-entity",
        "create-update-delete-update-entity-jsonpatch": "http://www.opengis.net/spec/iot_sensing/1.1/req/create-update-delete/update-entity-jsonpatch",
        "create-update-delete-update-entity-put": "http://www.opengis.net/spec/iot_sensing/1.1/req/create-update-delete/update-entity-put",
        "data-array-data-array": "http://www.opengis.net/spec/iot_sensing/1.1/req/data-array/data-array",
        "datastream-properties": "http://www.opengis.net/spec/iot_sensing/1.1/req/datamodel/datastream/properties",
        "datastream-relations": "http://www.opengis.net/spec/iot_sensing/1.1/req/datamodel/datastream/relations",
        "entity-control-information-common-control-information": "http://www.opengis.net/spec/iot_sensing/1.1/req/datamodel/entity-control-information/common-control-information",
        "feature-of-interest-properties": "http://www.opengis.net/spec/iot_sensing/1.1/req/datamodel/feature-of-interest/properties",
        "feature-of-interest-relations": "http://www.opengis.net/spec/iot_sensing/1.1/req/datamodel/feature-of-interest/relations",
        "historical-location-properties": "http://www.opengis.net/spec/iot_sensing/1.1/req/datamodel/historical-location/properties",
        "historical-location-relations": "http://www.opengis.net/spec/iot_sensing/1.1/req/datamodel/historical-location/relations",
        "location-properties": "http://www.opengis.net/spec/iot_sensing/1.1/req/datamodel/location/properties",
        "location-relations": "http://www.opengis.net/spec/iot_sensing/1.1/req/datamodel/location/relations",
        "observation-properties": "http://www.opengis.net/spec/iot_sensing/1.1/req/datamodel/observation/properties",
        "observation-relations": "http://www.opengis.net/spec/iot_sensing/1.1/req/datamodel/observation/relations",
        "observed-property-properties": "http://www.opengis.net/spec/iot_sensing/1.1/req/datamodel/observed-property/properties",
        "observed-property-relations": "http://www.opengis.net/spec/iot_sensing/1.1/req/datamodel/observed-property/relations",
        "sensor-properties": "http://www.opengis.net/spec/iot_sensing/1.1/req/datamodel/sensor/properties",
        "sensor-relations": "http://www.opengis.net/spec/iot_sensing/1.1/req/datamodel/sensor/relations",
        "thing-properties": "http://www.opengis.net/spec/iot_sensing/1.1/req/datamodel/thing/properties",
        "thing-relations": "http://www.opengis.net/spec/iot_sensing/1.1/req/datamodel/thing/relations",
        "multi-datastream-constraints": "http://www.opengis.net/spec/iot_sensing/1.1/req/multi-datastream/constraints",
        "multi-datastream-properties": "http://www.opengis.net/spec/iot_sensing/1.1/req/multi-datastream/properties",
        "multi-datastream-relations": "http://www.opengis.net/spec/iot_sensing/1.1/req/multi-datastream/relations",
        "receive-updates-via-mqtt-receive-updates": "http://www.opengis.net/spec/iot_sensing/1.1/req/receive-updates-via-mqtt/receive-updates",
        "request-data-built-in-filter-operations": "http://www.opengis.net/spec/iot_sensing/1.1/req/request-data/built-in-filter-operations",
        "request-data-built-in-query-functions": "http://www.opengis.net/spec/iot_sensing/1.1/req/request-data/built-in-query-functions",
        "request-data-count": "http://www.opengis.net/spec/iot_sensing/1.1/req/request-data/count",
        "request-data-expand": "http://www.opengis.net/spec/iot_sensing/1.1/req/request-data/expand",
        "request-data-filter": "http://www.opengis.net/spec/iot_sensing/1.1/req/request-data/filter",
        "request-data-order": "http://www.opengis.net/spec/iot_sensing/1.1/req/request-data/order",
        "request-data-orderby": "http://www.opengis.net/spec/iot_sensing/1.1/req/request-data/orderby",
        "request-data-pagination": "http://www.opengis.net/spec/iot_sensing/1.1/req/request-data/pagination",
        "request-data-query-status-code": "http://www.opengis.net/spec/iot_sensing/1.1/req/request-data/query-status-code",
        "request-data-select": "http://www.opengis.net/spec/iot_sensing/1.1/req/request-data/select",
        "request-data-skip": "http://www.opengis.net/spec/iot_sensing/1.1/req/request-data/skip",
        "request-data-status-code": "http://www.opengis.net/spec/iot_sensing/1.1/req/request-data/status-code",
        "request-data-top": "http://www.opengis.net/spec/iot_sensing/1.1/req/request-data/top"
    }
}
